train_loss,train_accuracy,valid_loss,valid_accuracy
3.5240301025440983,0.21735973597359737,2.197857358460379,0.4672871287128713
2.432531411029325,0.41343894389438945,1.7352037343317919,0.5563564356435644
2.119705788149692,0.47553795379537955,1.5097546146411707,0.6089504950495049
1.9553981916188408,0.512,1.3924286681449058,0.640990099009901
1.8483688194035697,0.5371881188118812,1.2967279673047585,0.6605544554455446
