Model,Dataset,Trainable_Parameters,FLOPs,Accuracy,Robustness,Speed
effnet_lora,Clean,3942573,5801568896,0.8217821782178217,1.0,0.009240480366319713
effnet_lora,Blur_Little,3942573,5801568896,0.7584554455445545,0.9229397590361447,0.00928918420206202
effnet_lora,Blur_Medium,3942573,5801568896,0.6192079207920792,0.7534939759036144,0.009106296397671841
effnet_lora,Downsampled,3942573,5801568896,0.3464158415841584,0.4215421686746988,0.007673540710222603
effnet_lora,Masked,3942573,5801568896,0.8146930693069306,0.9913734939759036,0.009004822844325905
effnet_lora,Noise_Rotation,3942573,5801568896,0.785940594059406,0.9563855421686748,0.009111186688489254
