Model,Dataset,Trainable_Parameters,FLOPs,Accuracy,Robustness,Speed
effnet_adapter,Clean,598661,5869005440,0.6605544554455446,1.0,0.008706309545158159
effnet_adapter,Blur_Little,598661,5869005440,0.5676831683168316,0.8594040410096527,0.008535394092597584
effnet_adapter,Blur_Medium,598661,5869005440,0.4186930693069307,0.6338509502967803,0.008487651409489094
effnet_adapter,Downsampled,598661,5869005440,0.21342574257425742,0.32310090533005575,0.007412250613222027
effnet_adapter,Masked,598661,5869005440,0.6514851485148515,0.9862701600815397,0.008696791960461305
effnet_adapter,Noise_Rotation,598661,5869005440,0.6224158415841584,0.9422627255830685,0.008799105096571516
