Model,Dataset,Accuracy,Robustness
effnet_baseline,Clean,0.5312475247524753,1.0
effnet_baseline,Blur_Little,0.4091089108910891,0.7700909497539883
effnet_baseline,Blur_Medium,0.26685148514851487,0.5023110183390488
effnet_baseline,Downsampled,0.1381782178217822,0.26010138661100346
effnet_baseline,Masked,0.5161584158415842,0.971596839123304
effnet_baseline,Noise_Rotation,0.49956435643564356,0.9403608170568063
