train_loss,train_accuracy,valid_loss,valid_accuracy
4.253735599328976,0.15017821782178217,3.7790984816787265,0.33912871287128715
3.6831817663778175,0.28965016501650165,3.2390571694704566,0.38815841584158417
3.3259541971880218,0.3247392739273927,2.8948535758103473,0.4173069306930693
3.1051438028064893,0.34444884488448846,2.6820823068335504,0.4371881188118812
2.952280176836272,0.3604488448844885,2.5138786081748434,0.4533069306930693
