Model,Dataset,Trainable_Parameters,FLOPs,Accuracy,Robustness,Speed
effnet_batchnorm,Clean,283253,5801568896,0.8124752475247525,1.0,0.008607423215809436
effnet_batchnorm,Blur_Little,283253,5801568896,0.748039603960396,0.9206921764562515,0.008439965002607592
effnet_batchnorm,Blur_Medium,283253,5801568896,0.5980990099009901,0.7361442846697538,0.008407413454339055
effnet_batchnorm,Downsampled,283253,5801568896,0.33104950495049507,0.4074579575920058,0.005681625498403417
effnet_batchnorm,Masked,283253,5801568896,0.8062574257425743,0.992347063124543,0.00878127896903765
effnet_batchnorm,Noise_Rotation,283253,5801568896,0.7859009900990099,0.9672922252010724,0.008992397072291611
