train_loss,train_accuracy,valid_loss,valid_accuracy
2.6099365169128568,0.40807920792079205,1.2172898822491711,0.7082376237623762
1.5250400996696045,0.6158415841584158,0.8813480003812526,0.7685544554455446
1.3152066175253085,0.6634587458745874,0.7863769532884701,0.7988910891089109
1.1929079497309014,0.6907326732673267,0.7425780189901885,0.8127920792079207
1.1168411759645631,0.7100462046204621,0.707376925318548,0.8217821782178217
