train_loss,train_accuracy,valid_loss,valid_accuracy
2.939256725808575,0.32712871287128714,1.7124369608907417,0.5674455445544554
2.042553001372334,0.5019669966996699,1.3909815425683956,0.6457821782178218
1.8043220315687727,0.5505742574257426,1.2422322015903964,0.6748514851485149
1.6739541169912509,0.5785874587458746,1.1503857232550583,0.6996435643564356
1.5874185759509751,0.597980198019802,1.1074648998040375,0.7122376237623762
