Model,Dataset,Trainable_Parameters,FLOPs,Accuracy,Robustness,Speed
resnet_lora,Clean,609533,3647147008,0.7122376237623762,1.0,0.004183373149078671
resnet_lora,Blur_Little,609533,3647147008,0.6177821782178218,0.8673821174377224,0.004002692798576733
resnet_lora,Blur_Medium,609533,3647147008,0.4641584158415842,0.6516903914590748,0.003929136077956398
resnet_lora,Downsampled,609533,3647147008,0.25742574257425743,0.36143238434163705,0.0028133097828024686
resnet_lora,Masked,609533,3647147008,0.6864158415841585,0.9637455516014236,0.004540343237395334
resnet_lora,Noise_Rotation,609533,3647147008,0.6641584158415842,0.9324955516014236,0.004643109859806476
