train_loss,train_accuracy,valid_loss,valid_accuracy
4.22055695240411,0.11561716171617162,3.6423451621178353,0.2743762376237624
3.521836172922216,0.28596699669966996,3.0293641648434178,0.3952079207920792
3.115719441624758,0.35135313531353135,2.676633242238866,0.43944554455445545
2.8742635979919937,0.38504290429042903,2.4494409613845374,0.47405940594059404
2.7093565320244717,0.4048052805280528,2.2975436572650874,0.492
