Model,Dataset,Trainable_Parameters,FLOPs,Accuracy,Robustness,Speed
resnet_batchnorm,Clean,61413,3647147008,0.6586138613861386,1.0,0.14657518397227373
resnet_batchnorm,Blur_Little,61413,3647147008,0.5585742574257426,0.848105832832231,0.14214017821774624
resnet_batchnorm,Blur_Medium,61413,3647147008,0.39774257425742576,0.6039085989176187,0.14285484289414813
resnet_batchnorm,Downsampled,61413,3647147008,0.224990099009901,0.3416115453998797,0.13760833294556873
resnet_batchnorm,Masked,61413,3647147008,0.6201584158415842,0.9416115453998797,0.14243588810155888
resnet_batchnorm,Noise_Rotation,61413,3647147008,0.6054653465346534,0.9193024654239326,0.14615369313306148
