train_loss,train_accuracy,valid_loss,valid_accuracy
3.6348908388496626,0.18958415841584159,2.4720024979657467,0.39762376237623764
2.603661120745215,0.3721848184818482,2.038000724103191,0.4887920792079208
2.347767259711086,0.4275247524752475,1.8279447038858243,0.5373861386138614
2.208576552645995,0.4591947194719472,1.7190331221098947,0.5596039603960397
2.117217950606897,0.47904950495049503,1.6649724958721954,0.5736237623762376
